open_time,open,high,low,close,volume,close_time,quote_volume,trades,taker_buy_base,taker_buy_quote,ignore
2025-11-27 02:00:00,91145.78,91950.0,90879.76,91091.68,3756.91384,2025-11-27 03:59:59.999,343719478.5098721,620316,2525.13107,231120634.9852749,0
2025-11-27 04:00:00,91091.68,91554.49,90889.11,90967.54,1233.73366,2025-11-27 05:59:59.999,112520066.8510034,324095,603.04983,55009493.3074954,0
2025-11-27 06:00:00,90967.53,91496.63,90967.53,91408.34,1210.04983,2025-11-27 07:59:59.999,110497770.3417548,252277,607.6366,55474322.9391092,0
2025-11-27 08:00:00,91408.34,91940.18,91221.17,91561.67,1501.68332,2025-11-27 09:59:59.999,137488660.1720077,289144,681.5086,62398843.1111841,0
2025-11-27 10:00:00,91561.67,91747.29,91307.69,91371.88,852.30809,2025-11-27 11:59:59.999,78008487.9357589,214137,383.39314,35092879.1640507,0
2025-11-27 12:00:00,91371.87,91457.36,90438.43,90852.78,1985.45499,2025-11-27 13:59:59.999,180403826.5414133,387370,785.77164,71406469.4249049,0
2025-11-27 14:00:00,90852.79,90988.0,90579.77,90958.3,936.05502,2025-11-27 15:59:59.999,84996740.0990423,335208,468.97757,42587757.2653941,0
2025-11-27 16:00:00,90958.29,91635.79,90850.77,91479.3,1482.75579,2025-11-27 17:59:59.999,135442490.403434,433919,765.05035,69864860.2016401,0
2025-11-27 18:00:00,91479.3,91843.59,91347.21,91528.21,796.85967,2025-11-27 19:59:59.999,73005561.868564,289142,384.87767,35260634.362295,0
2025-11-27 20:00:00,91528.22,91600.0,91217.17,91416.99,531.36052,2025-11-27 21:59:59.999,48599213.3338383,211251,241.25596,22066947.7073873,0
2025-11-27 22:00:00,91416.99,91590.0,91114.52,91333.95,559.43112,2025-11-27 23:59:59.999,51121191.0279665,189253,269.03225,24587459.0308865,0
2025-11-28 00:00:00,91333.94,91417.99,90800.3,90804.56,901.41768,2025-11-28 01:59:59.999,82096462.8512044,287180,350.72822,31939366.939022,0
2025-11-28 02:00:00,90804.56,91306.63,90652.55,91208.85,1028.63625,2025-11-28 03:59:59.999,93561604.34994,229511,455.07531,41399275.066389,0
2025-11-28 04:00:00,91208.85,91707.79,91130.0,91612.09,731.31528,2025-11-28 05:59:59.999,66898621.1239165,207631,434.80893,39781492.7395747,0
2025-11-28 06:00:00,91612.09,91612.09,90867.43,90910.87,1142.60849,2025-11-28 07:59:59.999,104245476.9289974,190675,495.41348,45202315.6329131,0
2025-11-28 08:00:00,90910.87,91850.0,90907.98,91599.99,1478.23969,2025-11-28 09:59:59.999,135163884.9237178,337067,880.09085,80487121.7089589,0
2025-11-28 10:00:00,91600.0,92030.0,91065.13,91437.64,1697.08028,2025-11-28 11:59:59.999,155457645.8556287,299418,1083.61785,99317645.4369654,0
2025-11-28 12:00:00,91437.64,92635.0,91380.94,92377.01,1591.67106,2025-11-28 13:59:59.999,146307182.8508394,378189,929.82533,85495173.3731188,0
2025-11-28 14:00:00,92377.0,93092.0,91818.35,92362.49,3454.94194,2025-11-28 15:59:59.999,319370485.4330405,791608,1825.42716,168777684.7167721,0
2025-11-28 16:00:00,92362.5,92376.0,90180.63,90663.98,4755.46041,2025-11-28 17:59:59.999,431946968.1605193,781091,1509.07091,137196443.8381993,0
2025-11-28 18:00:00,90661.57,91202.55,90421.88,91157.44,1023.73622,2025-11-28 19:59:59.999,92986020.0453143,342828,575.95689,52332220.4878623,0
2025-11-28 20:00:00,91157.44,91247.16,90867.89,90888.01,534.3156,2025-11-28 21:59:59.999,48679281.7001915,199465,211.38271,19258169.4937745,0
2025-11-28 22:00:00,90888.01,91195.68,90705.57,90890.7,491.43722,2025-11-28 23:59:59.999,44704400.8562498,185091,210.24948,19128819.4851409,0
2025-11-29 00:00:00,90890.71,91119.99,90768.13,90881.2,376.74532,2025-11-29 01:59:59.999,34246883.8768777,151342,160.51657,14592867.9342238,0
2025-11-29 02:00:00,90881.2,90926.9,90546.36,90680.26,564.07285,2025-11-29 03:59:59.999,51193131.4024311,121374,237.2432,21536298.6211114,0
2025-11-29 04:00:00,90680.26,90931.56,90551.12,90747.16,395.85694,2025-11-29 05:59:59.999,35937954.7810873,93676,213.17658,19353341.2814253,0
2025-11-29 06:00:00,90747.16,90832.57,90311.92,90567.67,833.69259,2025-11-29 07:59:59.999,75467984.8759585,187803,394.12605,35679526.5315109,0
2025-11-29 08:00:00,90567.66,90738.17,90477.44,90560.08,464.76156,2025-11-29 09:59:59.999,42112468.9499703,137526,205.43372,18615414.5145692,0
2025-11-29 10:00:00,90560.08,90682.33,90376.37,90673.19,492.68649,2025-11-29 11:59:59.999,44616398.5126346,125196,253.65253,22972000.991715,0
2025-11-29 12:00:00,90673.2,90810.45,90530.93,90783.17,496.92109,2025-11-29 13:59:59.999,45060520.9847014,116490,244.02315,22130235.2794843,0
2025-11-29 14:00:00,90783.16,91110.36,90610.41,91063.5,651.10589,2025-11-29 15:59:59.999,59136960.4463311,143676,333.6193,30305794.4347319,0
2025-11-29 16:00:00,91063.5,91165.65,90421.21,90421.21,1056.38903,2025-11-29 17:59:59.999,95868373.2392034,177592,371.42332,33711952.6388743,0
2025-11-29 18:00:00,90421.21,90850.83,90155.47,90640.78,1136.12984,2025-11-29 19:59:59.999,102791368.6842974,196583,566.50284,51269875.323313,0
2025-11-29 20:00:00,90640.77,91051.87,90400.21,91008.68,515.82722,2025-11-29 21:59:59.999,46827149.9577142,123698,225.3311,20462679.5562612,0
2025-11-29 22:00:00,91008.68,91008.69,90690.23,90802.44,445.69409,2025-11-29 23:59:59.999,40466457.2675585,102904,154.00096,13984232.038038,0
2025-11-30 00:00:00,90802.44,91055.5,90765.12,90913.31,374.64014,2025-11-30 01:59:59.999,34067828.385873,154019,245.5023,22325690.3865927,0
2025-11-30 02:00:00,90913.3,91032.18,90471.0,90909.35,740.53048,2025-11-30 03:59:59.999,67230761.7159741,190832,335.24396,30431604.0088159,0
2025-11-30 04:00:00,90909.35,90970.36,90670.4,90783.75,245.3219,2025-11-30 05:59:59.999,22277479.9911624,87721,120.96373,10984376.4662699,0
2025-11-30 06:00:00,90783.76,91037.72,90717.51,90968.16,304.59591,2025-11-30 07:59:59.999,27691993.9426843,100398,168.7627,15344396.8043265,0
2025-11-30 08:00:00,90968.16,91632.0,90927.16,91413.07,1856.72287,2025-11-30 09:59:59.999,169489140.5661259,300784,1264.95064,115464830.5395752,0
2025-11-30 10:00:00,91413.07,91467.36,90998.34,91048.78,658.96917,2025-11-30 11:59:59.999,60131325.4867388,167831,302.79459,27634205.6610622,0
2025-11-30 12:00:00,91048.79,92000.01,91009.0,91769.99,1659.43375,2025-11-30 13:59:59.999,152166088.627908,273474,905.00826,82981262.1908368,0
2025-11-30 14:00:00,91770.0,91779.94,91256.88,91435.31,969.71611,2025-11-30 15:59:59.999,88685191.3212039,181801,345.72149,31623422.9481788,0
2025-11-30 16:00:00,91435.31,91850.0,91313.26,91488.19,650.72426,2025-11-30 17:59:59.999,59590821.8546028,160710,325.14578,29777659.1316757,0
2025-11-30 18:00:00,91488.2,91500.0,91159.42,91460.79,398.2922,2025-11-30 19:59:59.999,36389237.6244395,118333,193.03486,17637593.5463767,0
2025-11-30 20:00:00,91460.79,91626.75,90888.48,91174.22,757.69546,2025-11-30 21:59:59.999,69095791.9069544,158768,360.07757,32843282.6615311,0
2025-11-30 22:00:00,91174.23,91351.61,90336.9,90360.0,1071.0995,2025-11-30 23:59:59.999,97236111.7418667,259359,435.7611,39558165.7750831,0
2025-12-01 00:00:00,90360.01,90417.0,86941.4,87168.91,6195.49622,2025-12-01 01:59:59.999,546363529.3250598,1110863,2747.37238,242028232.7064089,0
2025-12-01 02:00:00,87168.9,87500.0,86161.61,86346.13,4054.16344,2025-12-01 03:59:59.999,351485593.9978749,612110,1443.79924,125245497.6313881,0
2025-12-01 04:00:00,86346.13,86350.01,85604.0,86001.08,2612.3761,2025-12-01 05:59:59.999,224538199.1743695,492639,1100.88203,94612185.9841423,0
2025-12-01 06:00:00,86001.08,86578.06,85974.66,86550.3,2324.79097,2025-12-01 07:59:59.999,200576818.7916361,400806,1154.17558,99614666.1881241,0
2025-12-01 08:00:00,86550.3,86938.01,86390.25,86704.86,1814.99436,2025-12-01 09:59:59.999,157296206.3399821,427264,863.03428,74814219.4976508,0
2025-12-01 10:00:00,86704.85,86814.0,86131.01,86149.15,1190.77351,2025-12-01 11:59:59.999,102985640.8950844,264311,383.95126,33224612.0104942,0
2025-12-01 12:00:00,86146.59,86231.52,84756.0,85986.85,3195.64323,2025-12-01 13:59:59.999,273700485.2289091,704166,1484.69503,127187149.4792898,0
2025-12-01 14:00:00,85986.85,86674.0,83822.76,84677.87,4928.72918,2025-12-01 15:59:59.999,420374057.4478975,1156566,2149.62309,183521757.0947171,0
2025-12-01 16:00:00,84677.87,85463.12,84030.95,84920.3,3069.80588,2025-12-01 17:59:59.999,260104731.0089373,856738,1637.45822,138782658.6029445,0
2025-12-01 18:00:00,84925.01,85555.0,84603.97,85024.5,1528.29707,2025-12-01 19:59:59.999,129994875.4702347,599720,728.25226,61962597.8111772,0
2025-12-01 20:00:00,85024.5,86507.3,85007.69,86436.65,2209.46054,2025-12-01 21:59:59.999,189719164.6473401,682928,1153.7099,99065898.9038327,0
2025-12-01 22:00:00,86436.64,86860.0,86249.8,86286.01,1384.48177,2025-12-01 23:59:59.999,119884744.8958352,401574,677.38019,58659318.0911426,0
2025-12-02 00:00:00,86286.01,87350.0,86184.39,86454.93,2079.99533,2025-12-02 01:59:59.999,180275739.0605081,562361,962.67897,83474830.0028984,0
2025-12-02 02:00:00,86454.93,87106.62,86214.99,86976.99,1165.82071,2025-12-02 03:59:59.999,101002453.5047807,426427,624.4878,54117561.835767,0
2025-12-02 04:00:00,86977.0,87288.48,86818.14,87008.2,1009.58806,2025-12-02 05:59:59.999,87862670.5455143,333417,598.40152,52079768.4221988,0
2025-12-02 06:00:00,87008.2,87179.22,86870.0,87012.65,723.64728,2025-12-02 07:59:59.999,62956296.1584105,231875,367.90524,32008910.6937537,0
2025-12-02 08:00:00,87012.64,87058.41,86296.21,86769.87,1852.92069,2025-12-02 09:59:59.999,160501454.5892417,337650,669.24932,57991141.3559742,0
2025-12-02 10:00:00,86769.88,87628.78,86760.01,87368.92,1508.11498,2025-12-02 11:59:59.999,131549636.7365586,354250,857.7838,74830966.9516663,0
2025-12-02 12:00:00,87368.92,87883.43,87032.75,87731.41,2398.85687,2025-12-02 13:59:59.999,209575984.1449309,461817,1228.10949,107345003.6657483,0
2025-12-02 14:00:00,87731.41,91200.0,87600.0,90850.01,6901.64332,2025-12-02 15:59:59.999,619253091.2233628,1316018,3447.09631,309167648.6737891,0
2025-12-02 16:00:00,90850.01,91990.0,90201.0,91458.4,3608.863,2025-12-02 17:59:59.999,328642234.1711297,887603,1673.38049,152511539.7957386,0
2025-12-02 18:00:00,91458.4,92307.65,91326.22,91903.39,2543.81706,2025-12-02 19:59:59.999,233918579.9162494,587442,1342.9471,123507274.5666236,0
2025-12-02 20:00:00,91903.38,91930.09,90720.87,91562.43,2563.6134,2025-12-02 21:59:59.999,234020327.9064023,552315,988.54102,90207158.181108,0
2025-12-02 22:00:00,91562.42,92000.0,91269.38,91277.88,1853.34662,2025-12-02 23:59:59.999,169956709.7052758,346124,751.75843,68958094.1488851,0
2025-12-03 00:00:00,91277.88,92482.02,90990.23,92251.63,2387.73815,2025-12-03 01:59:59.999,218731433.4616488,531050,1369.64252,125536232.158422,0
2025-12-03 02:00:00,92251.64,93087.09,92158.0,92628.91,2037.33819,2025-12-03 03:59:59.999,188874530.8498572,567368,1141.94028,105875784.7537111,0
2025-12-03 04:00:00,92628.91,93660.0,92625.0,93642.92,2271.51086,2025-12-03 05:59:59.999,211752741.9245667,606038,1496.72571,139515355.7349335,0
2025-12-03 06:00:00,93642.92,93958.58,92871.03,92999.99,2274.94853,2025-12-03 07:59:59.999,212328938.8304859,505880,821.35952,76741523.2547774,0
2025-12-03 08:00:00,93000.0,93217.52,92682.1,93178.46,1559.32902,2025-12-03 09:59:59.999,144850788.5683106,363014,726.40449,67492722.7172005,0
2025-12-03 10:00:00,93178.45,93389.62,92666.0,93005.68,1210.77357,2025-12-03 11:59:59.999,112603483.0653959,405248,572.43973,53251795.1978322,0
2025-12-03 12:00:00,93005.68,93258.53,92672.55,93130.88,1262.5995,2025-12-03 13:59:59.999,117378137.078476,404997,614.43866,57118810.0210843,0
2025-12-03 14:00:00,93130.89,93700.0,91697.0,92373.3,5260.64022,2025-12-03 15:59:59.999,486650105.2333076,1334449,2344.3098,216996008.7773851,0
2025-12-03 16:00:00,92373.3,93040.0,91786.99,92956.22,1998.0384,2025-12-03 17:59:59.999,184632507.6603789,626596,959.62459,88748474.4800393,0
2025-12-03 18:00:00,92956.22,93500.0,92383.05,93024.99,1626.64645,2025-12-03 19:59:59.999,151137139.4991819,476092,851.95667,79164879.8299999,0
2025-12-03 20:00:00,93025.0,93769.23,92825.56,93700.0,1955.3908,2025-12-03 21:59:59.999,182243701.787548,426668,1041.53143,97083207.5846576,0
2025-12-03 22:00:00,93700.01,94150.0,93301.87,93429.95,1867.57216,2025-12-03 23:59:59.999,175040118.9022328,485782,1052.81972,98694705.9476914,0
2025-12-04 00:00:00,93429.95,93750.73,92669.82,93195.07,2399.99553,2025-12-04 01:59:59.999,223762574.7882735,594241,853.68629,79602680.6994103,0
2025-12-04 02:00:00,93195.07,94080.0,93117.8,93543.04,1444.70467,2025-12-04 03:59:59.999,135465514.3447541,462513,863.52504,80998119.7255524,0
2025-12-04 04:00:00,93543.03,93588.48,92775.0,92979.25,1320.17866,2025-12-04 05:59:59.999,122984447.1446427,326442,320.43621,29866738.7346724,0
2025-12-04 06:00:00,92979.25,93413.39,92824.32,93397.67,1750.3292,2025-12-04 07:59:59.999,163000282.7228451,353685,536.86177,50002142.7109828,0
2025-12-04 08:00:00,93397.67,93621.31,93044.41,93454.7,814.76761,2025-12-04 09:59:59.999,76079027.4137194,340636,382.77063,35749365.4271757,0
2025-12-04 10:00:00,93454.71,93553.69,92736.9,92948.31,1102.25614,2025-12-04 11:59:59.999,102623646.2763977,336539,531.25863,49456998.513407,0
2025-12-04 12:00:00,92948.32,93200.0,92424.0,92516.38,1472.25691,2025-12-04 13:59:59.999,136590997.7846437,422468,606.2705,56258430.4725272,0
2025-12-04 14:00:00,92516.38,93257.0,91801.0,92971.49,2823.90098,2025-12-04 15:59:59.999,261293717.3973351,904949,1252.72118,115898271.5964822,0
2025-12-04 16:00:00,92971.49,93174.55,91756.57,92426.76,2278.33516,2025-12-04 17:59:59.999,210558347.9129232,679017,1022.48557,94525019.4984864,0
2025-12-04 18:00:00,92426.77,92550.86,90889.0,91975.44,2582.37604,2025-12-04 19:59:59.999,236819432.5364919,786247,1148.56905,105352944.8998551,0
2025-12-04 20:00:00,91975.43,92718.53,91688.92,92158.23,1394.49071,2025-12-04 21:59:59.999,128668349.5385703,457235,617.16307,56948326.1145767,0
2025-12-04 22:00:00,92158.24,92497.25,92076.66,92078.06,420.34898,2025-12-04 23:59:59.999,38799291.4740234,192077,176.94745,16333196.8148638,0
2025-12-05 00:00:00,92078.06,92600.0,92058.82,92358.03,813.0641,2025-12-05 01:59:59.999,75108518.6377977,285883,352.18694,32533069.4998425,0
2025-12-05 02:00:00,92358.03,92692.36,91959.92,92142.75,938.22777,2025-12-05 03:59:59.999,86692016.6311322,256938,335.57538,31013316.1808841,0
2025-12-05 04:00:00,92142.75,92386.31,91813.37,91932.85,747.28841,2025-12-05 05:59:59.999,68780003.6848619,241229,350.60402,32268979.5671366,0
2025-12-05 06:00:00,91932.85,92497.51,91905.83,92258.65,639.90315,2025-12-05 07:59:59.999,59016104.3193766,214136,320.86488,29589028.3769904,0
2025-12-05 08:00:00,92258.64,92258.65,90956.25,91128.56,1524.47691,2025-12-05 09:59:59.999,139582474.454327,368245,482.66518,44186133.7841378,0
2025-12-05 10:00:00,91128.55,91563.7,91083.87,91351.43,907.22125,2025-12-05 11:59:59.999,82835045.0636247,318276,462.57229,42241309.9081589,0
2025-12-05 12:00:00,91351.44,91432.69,90215.51,90465.14,1881.90675,2025-12-05 13:59:59.999,170859386.3607524,478590,705.30591,64045004.9864258,0
2025-12-05 14:00:00,90465.14,91478.67,89874.7,90459.35,3462.25578,2025-12-05 15:59:59.999,313868058.3027137,959530,1814.09194,164540407.7974516,0
2025-12-05 16:00:00,90459.34,90498.59,88056.0,89336.13,4608.85574,2025-12-05 17:59:59.999,410204444.3385151,1117076,2304.84156,205014925.5960598,0
2025-12-05 18:00:00,89335.53,89800.0,88814.88,89629.26,1898.6822,2025-12-05 19:59:59.999,169673189.2108546,647944,798.47749,71367590.397548,0
2025-12-05 20:00:00,89629.27,89745.37,89075.91,89177.68,1719.86613,2025-12-05 21:59:59.999,153756647.6495633,397478,498.063,44531102.3042375,0
2025-12-05 22:00:00,89177.68,89383.46,88901.6,89330.04,651.22399,2025-12-05 23:59:59.999,58061095.1571354,235027,296.89136,26478855.3224509,0
2025-12-06 00:00:00,89330.04,89500.0,89030.67,89333.83,512.95254,2025-12-06 01:59:59.999,45801951.8011031,204286,213.14862,19035793.9111682,0
2025-12-06 02:00:00,89333.84,89806.43,89175.0,89688.35,1018.08047,2025-12-06 03:59:59.999,91198471.6436497,268193,630.89282,56534849.9822191,0
2025-12-06 04:00:00,89688.35,89740.0,89521.12,89604.98,332.42849,2025-12-06 05:59:59.999,29791909.2641104,180571,154.26918,13825977.5852576,0
2025-12-06 06:00:00,89604.97,89764.19,89459.19,89597.13,437.09501,2025-12-06 07:59:59.999,39183244.3270344,137284,209.37426,18771137.112173,0
2025-12-06 08:00:00,89597.14,89669.13,89217.59,89574.12,760.04754,2025-12-06 09:59:59.999,68006891.0269497,217998,262.36668,23473329.4053839,0
2025-12-06 10:00:00,89574.12,89750.01,89462.0,89631.28,744.65748,2025-12-06 11:59:59.999,66739404.3073446,173684,436.72134,39142493.8412645,0
2025-12-06 12:00:00,89631.29,89788.56,89566.0,89673.73,508.88785,2025-12-06 13:59:59.999,45618696.5328891,148451,234.47677,21021186.2701255,0
2025-12-06 14:00:00,89673.73,90289.97,89490.98,89758.77,1543.19281,2025-12-06 15:59:59.999,138784677.0958197,373503,773.29318,69540719.9668377,0
2025-12-06 16:00:00,89758.77,89981.2,89615.38,89712.85,615.26164,2025-12-06 17:59:59.999,55239199.2659933,201458,361.01222,32409194.9560192,0
2025-12-06 18:00:00,89712.85,89787.99,89077.6,89405.64,868.3345,2025-12-06 19:59:59.999,77662747.7710294,200096,362.49211,32432255.8718844,0
2025-12-06 20:00:00,89405.65,89615.34,89311.99,89420.28,353.42185,2025-12-06 21:59:59.999,31625046.7439203,164403,149.62439,13390076.5284341,0
2025-12-06 22:00:00,89420.29,89523.37,88908.01,89236.79,715.13998,2025-12-06 23:59:59.999,63768440.0264822,212294,254.05677,22655770.8388042,0
2025-12-07 00:00:00,89236.8,89588.23,89176.52,89300.0,381.04518,2025-12-07 01:59:59.999,34070701.3359075,187556,222.82979,19924225.594133,0
2025-12-07 02:00:00,89300.0,89749.59,89300.0,89722.37,331.44199,2025-12-07 03:59:59.999,29687199.1983982,116845,178.026,15943585.1550588,0
2025-12-07 04:00:00,89722.37,89799.96,89427.0,89515.01,410.6469,2025-12-07 05:59:59.999,36796151.3626846,106938,185.58792,16627883.1908824,0
2025-12-07 06:00:00,89515.01,89733.33,89200.0,89379.72,328.41512,2025-12-07 07:59:59.999,29384590.0476926,129267,150.94007,13505530.9352743,0
2025-12-07 08:00:00,89379.73,89538.7,89050.01,89104.23,402.32943,2025-12-07 09:59:59.999,35910287.4463336,161196,189.41657,16911926.9513858,0
2025-12-07 10:00:00,89104.23,89388.0,89103.97,89149.18,384.27073,2025-12-07 11:59:59.999,34288517.4173223,131946,177.14031,15806727.3661199,0
2025-12-07 12:00:00,89149.18,89585.12,88652.0,89053.74,766.01397,2025-12-07 13:59:59.999,68251619.3572685,249343,372.28979,33180793.5036051,0
2025-12-07 14:00:00,89053.74,89707.54,87719.28,89554.52,3150.90719,2025-12-07 15:59:59.999,278925350.7051419,775612,1495.4075,132396857.3459767,0
2025-12-07 16:00:00,89554.52,91271.77,89115.85,90945.17,2593.80002,2025-12-07 17:59:59.999,234200218.5625149,702402,1352.57808,122130332.9992922,0
2025-12-07 18:00:00,90945.18,91760.0,90945.17,91425.52,1244.51071,2025-12-07 19:59:59.999,113796286.2798091,398765,650.64218,59492919.1727572,0
2025-12-07 20:00:00,91425.51,91510.4,89871.0,90231.32,994.35627,2025-12-07 21:59:59.999,90207633.5734871,316075,380.06025,34504089.891365,0
2025-12-07 22:00:00,90231.31,90471.66,88995.33,90395.31,2033.37434,2025-12-07 23:59:59.999,182347931.558961,677126,1015.64837,91122365.7509167,0
2025-12-08 00:00:00,90395.32,91700.0,89860.0,90910.7,1460.40631,2025-12-08 01:59:59.999,132646385.3332035,563952,745.99307,67752876.3390951,0
2025-12-08 02:00:00,90910.7,91436.94,90811.25,91068.29,993.19784,2025-12-08 03:59:59.999,90518180.1718862,365582,540.81825,49293797.075982,0
2025-12-08 04:00:00,91068.3,91470.58,91023.06,91334.03,555.56652,2025-12-08 05:59:59.999,50697262.3175459,272745,252.25859,23019110.5498199,0
2025-12-08 06:00:00,91334.04,91868.76,91241.27,91565.46,1036.9217,2025-12-08 07:59:59.999,94938030.9771303,271497,358.85052,32858938.098463,0
2025-12-08 08:00:00,91565.46,92287.15,91486.46,91912.02,1184.10749,2025-12-08 09:59:59.999,108842108.6966735,338975,609.62911,56031278.3336906,0
2025-12-08 10:00:00,91912.02,92222.0,91808.09,91968.29,768.94716,2025-12-08 11:59:59.999,70767110.6049323,256736,381.7225,35131972.7842125,0
2025-12-08 12:00:00,91968.29,92122.08,91301.45,91467.82,1377.73095,2025-12-08 13:59:59.999,126379592.4982928,408382,466.38141,42789695.6887272,0
2025-12-08 14:00:00,91467.83,91777.0,89612.0,89961.37,3845.4235,2025-12-08 15:59:59.999,348783091.0807703,1125566,1735.56241,157328166.6111336,0
2025-12-08 16:00:00,89961.36,90499.99,89679.79,90257.98,1687.83143,2025-12-08 17:59:59.999,152001277.717855,640623,824.93348,74308338.5447272,0
2025-12-08 18:00:00,90257.98,90527.3,89724.72,90124.48,902.0111,2025-12-08 19:59:59.999,81373024.0688473,534099,405.90522,36616524.817022,0
2025-12-08 20:00:00,90124.49,91374.0,90124.49,91316.01,1144.89975,2025-12-08 21:59:59.999,103966343.7367818,416771,620.5367,56354807.4793421,0
2025-12-08 22:00:00,91316.0,91373.69,90490.76,90634.34,836.59512,2025-12-08 23:59:59.999,76007611.6896944,263803,354.15202,32169069.1299683,0
2025-12-09 00:00:00,90634.35,90846.26,89966.0,90055.8,826.04014,2025-12-09 01:59:59.999,74667752.3907258,343958,422.83942,38220486.3494636,0
2025-12-09 02:00:00,90055.8,90442.77,89795.84,90405.01,1529.37174,2025-12-09 03:59:59.999,137708343.7310009,368068,723.61834,65161192.0490902,0
2025-12-09 04:00:00,90405.02,90500.0,89500.0,89899.35,1139.17339,2025-12-09 05:59:59.999,102490771.9545667,280233,460.02324,41392131.2066523,0
2025-12-09 06:00:00,89899.35,90528.67,89775.67,90496.8,728.44535,2025-12-09 07:59:59.999,65703107.6246841,251384,324.3487,29265827.4686293,0
2025-12-09 08:00:00,90496.8,90600.0,90129.21,90131.59,685.62831,2025-12-09 09:59:59.999,62004791.506247,227692,335.48972,30345254.8621361,0
2025-12-09 10:00:00,90131.6,90396.01,89912.48,90384.55,876.85611,2025-12-09 11:59:59.999,79101425.2340304,338314,436.46602,39375956.7276267,0
2025-12-09 12:00:00,90384.54,90850.0,90174.66,90431.03,1045.29732,2025-12-09 13:59:59.999,94630377.1665618,340781,530.76375,48055138.601444,0
2025-12-09 14:00:00,90431.02,92876.92,90004.73,92707.51,3872.37664,2025-12-09 15:59:59.999,354065047.7913413,1068621,1983.53401,181521519.9123558,0
2025-12-09 16:00:00,92707.5,94588.99,92693.5,93917.99,5863.95612,2025-12-09 17:59:59.999,550209589.1474072,1169820,3183.81347,298747721.0727414,0
2025-12-09 18:00:00,93918.0,94225.0,93651.68,93800.83,1440.49612,2025-12-09 19:59:59.999,135294254.4635082,542855,650.49031,61106317.9657014,0
2025-12-09 20:00:00,93800.83,93857.47,92254.92,92640.0,1976.25048,2025-12-09 21:59:59.999,183805503.1059888,651584,838.26743,77951849.5721803,0
2025-12-09 22:00:00,92640.01,93045.89,92506.67,92678.8,1256.53842,2025-12-09 23:59:59.999,116580101.4911111,356913,628.10518,58282610.3342417,0
2025-12-10 00:00:00,92678.81,92786.35,91976.0,92316.36,1128.39188,2025-12-10 01:59:59.999,104161454.2989537,342679,527.38677,48698718.905385,0
2025-12-10 02:00:00,92316.35,92570.54,92027.89,92410.62,868.60742,2025-12-10 03:59:59.999,80246237.9284632,222609,416.65287,38495267.8605931,0
2025-12-10 04:00:00,92410.62,92725.0,92386.83,92556.28,684.59276,2025-12-10 05:59:59.999,63374108.8114965,220024,378.87975,35074317.3335398,0
2025-12-10 06:00:00,92556.28,92782.92,92396.24,92782.91,679.25712,2025-12-10 07:59:59.999,62908688.0718146,176339,314.65579,29146492.8559707,0
2025-12-10 08:00:00,92782.91,92972.07,92439.4,92920.01,793.89348,2025-12-10 09:59:59.999,73596166.8035939,257492,399.61865,37052865.0519266,0
2025-12-10 10:00:00,92920.0,93291.5,91763.69,92120.45,1829.16647,2025-12-10 11:59:59.999,169024008.7464488,534629,654.53277,60524074.7277667,0
2025-12-10 12:00:00,92120.45,92226.0,91815.35,92093.66,899.9898,2025-12-10 13:59:59.999,82833082.0476347,301882,380.65955,35038638.1685421,0
2025-12-10 14:00:00,92093.65,92149.06,91563.15,92063.69,1623.15983,2025-12-10 15:59:59.999,149151374.5777412,660711,710.16057,65263327.8732949,0
2025-12-10 16:00:00,92063.69,92595.11,91899.1,92396.23,1384.01936,2025-12-10 17:59:59.999,127759446.4007953,549042,622.70933,57477423.9880912,0
2025-12-10 18:00:00,92396.23,93243.59,91684.39,92957.67,4036.46544,2025-12-10 19:59:59.999,373951952.3929084,1187439,2042.44412,189266585.9204262,0
2025-12-10 20:00:00,92957.67,94476.0,91878.0,92356.38,4154.97533,2025-12-10 21:59:59.999,387203960.3110734,1214664,2262.53503,211007083.6826217,0
2025-12-10 22:00:00,92356.39,92695.31,91942.56,92015.37,916.16194,2025-12-10 23:59:59.999,84562795.8568811,358197,487.09596,44967499.0285535,0
2025-12-11 00:00:00,92015.38,92080.32,90658.24,90674.74,1735.36158,2025-12-11 01:59:59.999,158341427.2870201,592770,757.04326,69070359.9913545,0
2025-12-11 02:00:00,90674.75,90674.75,89389.63,89880.01,2345.78532,2025-12-11 03:59:59.999,211080786.0114714,706807,1064.04743,95772280.7910374,0
2025-12-11 04:00:00,89880.0,90480.14,89694.81,90316.72,1348.04251,2025-12-11 05:59:59.999,121488293.2893225,347847,733.40665,66109182.7163679,0
2025-12-11 06:00:00,90316.72,90450.97,89975.89,90272.75,897.28848,2025-12-11 07:59:59.999,80950186.9852919,233799,386.62225,34887293.8170349,0
2025-12-11 08:00:00,90272.76,90504.19,89971.11,90234.19,951.66068,2025-12-11 09:59:59.999,85842534.1222211,281826,415.85694,37520602.3341121,0
2025-12-11 10:00:00,90234.19,90417.3,90172.61,90242.35,552.2982,2025-12-11 11:59:59.999,49858872.9361951,145071,236.99973,21396660.4655344,0
2025-12-11 12:00:00,90242.36,90377.63,89870.0,90103.53,995.8003,2025-12-11 13:59:59.999,89742369.176868,269323,382.38738,34464178.0365145,0
2025-12-11 14:00:00,90103.53,90653.33,89260.63,89872.51,2545.25872,2025-12-11 15:59:59.999,229005230.7744177,956248,1173.09474,105582817.7675394,0
2025-12-11 16:00:00,89872.51,90260.0,89333.0,89983.23,1513.17,2025-12-11 17:59:59.999,135930811.2248094,684593,600.23583,53910586.9603205,0
2025-12-11 18:00:00,89983.23,91538.26,89891.87,90839.81,2130.82089,2025-12-11 19:59:59.999,193579505.3040931,718051,1022.01507,92797185.9623798,0
2025-12-11 20:00:00,90839.81,93555.0,90797.76,92858.39,3227.24113,2025-12-11 21:59:59.999,298402330.9812342,837868,1619.34967,149689479.145757,0
2025-12-11 22:00:00,92858.4,93195.84,92068.9,92513.38,1729.85977,2025-12-11 23:59:59.999,160099770.9729044,476235,759.83902,70329295.8209295,0
2025-12-12 00:00:00,92513.38,92651.93,91448.31,92170.0,1278.34974,2025-12-12 01:59:59.999,117674136.0714881,447365,596.22069,54865833.7654082,0
2025-12-12 02:00:00,92170.0,92754.0,91927.27,92283.4,886.36355,2025-12-12 03:59:59.999,81874658.6496441,349673,423.24441,39098395.480586,0
2025-12-12 04:00:00,92283.4,92500.0,92078.91,92444.42,823.43605,2025-12-12 05:59:59.999,75975912.7099403,196957,393.33422,36290200.2171669,0
2025-12-12 06:00:00,92444.41,92720.0,92257.8,92425.34,670.76598,2025-12-12 07:59:59.999,62057294.653936,199854,302.25522,27965756.1062406,0
2025-12-12 08:00:00,92425.33,92553.33,92044.8,92520.56,987.20991,2025-12-12 09:59:59.999,91094559.8933485,226311,418.07723,38583351.7832747,0
2025-12-12 10:00:00,92520.56,92650.01,92275.86,92418.19,636.79548,2025-12-12 11:59:59.999,58883396.8040818,181444,325.20787,30076441.8782726,0
2025-12-12 12:00:00,92418.19,92531.38,92070.55,92302.79,1015.75558,2025-12-12 13:59:59.999,93757647.6707398,224635,601.84035,55557286.0804756,0
2025-12-12 14:00:00,92302.79,92660.74,89780.0,89935.14,4544.37723,2025-12-12 15:59:59.999,414372505.1847182,1012526,2157.94786,196734560.9331772,0
2025-12-12 16:00:00,89935.13,90623.72,89480.0,90083.09,3262.34905,2025-12-12 17:59:59.999,293622148.179871,1021786,1553.64578,139860117.6327297,0
2025-12-12 18:00:00,90083.09,90666.0,90017.05,90198.22,1396.9792,2025-12-12 19:59:59.999,126200358.8265889,629446,646.33389,58397566.7165304,0
2025-12-12 20:00:00,90198.23,90345.94,89898.61,90193.94,824.80934,2025-12-12 21:59:59.999,74373204.8365583,347588,406.02013,36610974.2447852,0
2025-12-12 22:00:00,90193.94,90404.13,90184.92,90268.42,352.00058,2025-12-12 23:59:59.999,31797602.0838854,119134,162.55508,14683872.5500092,0
2025-12-13 00:00:00,90268.43,90444.28,90120.0,90229.91,356.35875,2025-12-13 01:59:59.999,32179178.6191412,95139,121.67985,10988743.3198462,0
2025-12-13 02:00:00,90229.92,90469.71,90205.52,90345.54,292.40454,2025-12-13 03:59:59.999,26405292.4104891,85419,125.27403,11314226.8897523,0
2025-12-13 04:00:00,90345.55,90410.5,90268.91,90342.91,223.76,2025-12-13 05:59:59.999,20214714.5742773,72687,104.47511,9438214.2099743,0
2025-12-13 06:00:00,90342.92,90400.0,90270.65,90329.97,227.77525,2025-12-13 07:59:59.999,20577704.6398288,69049,103.58336,9358184.2324952,0
2025-12-13 08:00:00,90329.98,90575.28,90318.67,90422.57,490.3303,2025-12-13 09:59:59.999,44354673.3712728,121560,246.62902,22310228.0738736,0
2025-12-13 10:00:00,90422.57,90634.55,90290.0,90330.36,1035.54289,2025-12-13 11:59:59.999,93688346.9581691,116589,370.47817,33531168.9922565,0
2025-12-13 12:00:00,90330.36,90470.3,90194.34,90245.87,836.274,2025-12-13 13:59:59.999,75554110.2480462,167269,254.09042,22959536.4683975,0
2025-12-13 14:00:00,90245.88,90331.74,89932.99,90092.16,1070.71493,2025-12-13 15:59:59.999,96520650.8567887,184686,297.3815,26806180.4758987,0
2025-12-13 16:00:00,90092.17,90268.13,89981.0,90052.61,419.33233,2025-12-13 17:59:59.999,37773330.0806082,114975,202.83084,18271296.1965113,0
2025-12-13 18:00:00,90052.61,90224.8,90047.4,90178.16,255.90505,2025-12-13 19:59:59.999,23069468.4023483,69066,93.16123,8397874.505609,0
2025-12-13 20:00:00,90178.17,90209.56,89766.39,90175.97,391.52979,2025-12-13 21:59:59.999,35242514.4327011,122926,146.83613,13220279.0434165,0
2025-12-13 22:00:00,90175.97,90280.76,89997.14,90240.01,295.78005,2025-12-13 23:59:59.999,26670559.9967307,144389,171.56504,15469587.0881095,0
2025-12-14 00:00:00,90240.0,90472.4,90117.05,90293.29,428.30926,2025-12-14 01:59:59.999,38682775.7379854,139468,215.10094,19427390.521231,0
2025-12-14 02:00:00,90293.29,90384.0,90240.01,90258.98,282.63205,2025-12-14 03:59:59.999,25520309.9892832,60027,104.3591,9422658.3809985,0
2025-12-14 04:00:00,90258.99,90329.24,90050.74,90199.06,286.55102,2025-12-14 05:59:59.999,25842581.6258221,93312,116.65129,10519909.2750505,0
2025-12-14 06:00:00,90199.06,90279.42,90072.97,90245.6,403.28482,2025-12-14 07:59:59.999,36357842.6434442,81690,106.88875,9635866.4658157,0
2025-12-14 08:00:00,90245.6,90280.01,90001.1,90020.06,304.05646,2025-12-14 09:59:59.999,27400765.6011287,86475,109.30466,9848736.8809944,0
2025-12-14 10:00:00,90020.07,90136.22,88687.27,89360.0,1732.07151,2025-12-14 11:59:59.999,154805334.775161,485399,650.49436,58128515.2317112,0
2025-12-14 12:00:00,89360.01,89666.0,89088.0,89489.5,820.41081,2025-12-14 13:59:59.999,73293680.2548928,344593,437.63976,39100929.3350027,0
2025-12-14 14:00:00,89489.51,89556.83,88882.66,89022.91,909.29556,2025-12-14 15:59:59.999,81012895.407396,307774,365.98485,32613999.4968862,0
2025-12-14 16:00:00,89022.92,89398.71,88531.34,88810.67,1131.51644,2025-12-14 17:59:59.999,100562433.9245115,381935,600.97487,53416677.5884715,0
2025-12-14 18:00:00,88810.67,89073.18,88497.02,88644.88,553.69178,2025-12-14 19:59:59.999,49147530.1473456,265914,232.19086,20615175.577732,0
2025-12-14 20:00:00,88644.88,88827.71,88345.94,88443.85,894.95885,2025-12-14 21:59:59.999,79292161.5708273,303402,410.83316,36414113.16888,0
2025-12-14 22:00:00,88443.85,88609.22,87577.36,88172.17,1670.16148,2025-12-14 23:59:59.999,147160819.1600673,565760,655.28575,57761185.4038956,0
2025-12-15 00:00:00,88172.16,89338.01,88074.37,89242.32,1393.30307,2025-12-15 01:59:59.999,123538179.6354082,560694,768.4616,68163905.1015525,0
2025-12-15 02:00:00,89242.33,90052.64,89225.91,89282.6,1306.35758,2025-12-15 03:59:59.999,116981423.0876256,430262,584.97963,52396536.362819,0
2025-12-15 04:00:00,89282.6,89786.89,89272.88,89615.24,630.34333,2025-12-15 05:59:59.999,56461360.156388,224923,242.69193,21739244.1940077,0
2025-12-15 06:00:00,89615.25,89918.48,89476.98,89753.42,686.59456,2025-12-15 07:59:59.999,61553542.8648298,214736,334.32143,29977002.5734103,0
2025-12-15 08:00:00,89753.43,89986.68,89655.52,89865.12,560.48009,2025-12-15 09:59:59.999,50357216.1715435,207026,326.78686,29362228.0777496,0
2025-12-15 10:00:00,89865.13,89981.64,89572.05,89641.28,963.90977,2025-12-15 11:59:59.999,86543543.9526514,240602,484.68906,43525181.2464735,0
2025-12-15 12:00:00,89641.28,89762.56,89274.44,89432.0,807.62999,2025-12-15 13:59:59.999,72304094.5463908,289580,374.47505,33527666.7480486,0
2025-12-15 14:00:00,89432.01,89876.42,86621.91,87033.22,5080.39923,2025-12-15 15:59:59.999,446121791.3602178,1519519,2421.24566,212487359.6187283,0
2025-12-15 16:00:00,87033.21,87220.0,85599.99,85762.87,3170.6052,2025-12-15 17:59:59.999,273597388.5954145,1194362,1476.31265,127400234.4762502,0
2025-12-15 18:00:00,85762.86,86560.4,85146.64,86149.96,2618.62394,2025-12-15 19:59:59.999,225034501.6435214,937186,1382.35806,118825397.7894652,0
2025-12-15 20:00:00,86149.96,86307.36,85530.01,86243.78,1384.51893,2025-12-15 21:59:59.999,118920871.2720746,627311,645.27888,55432365.1537037,0
2025-12-15 22:00:00,86243.77,86472.7,85827.98,86432.08,1175.92621,2025-12-15 23:59:59.999,101409516.2156631,300966,550.80995,47512527.9828537,0
2025-12-16 00:00:00,86432.08,86535.22,85651.92,85891.02,1083.40932,2025-12-16 01:59:59.999,93238036.9816772,434495,502.5645,43266411.5120614,0
2025-12-16 02:00:00,85891.02,86227.99,85386.0,85875.92,1189.44818,2025-12-16 03:59:59.999,102113865.9077233,383435,578.52473,49676394.4252539,0
2025-12-16 04:00:00,85875.91,86200.0,85266.0,86028.11,967.34281,2025-12-16 05:59:59.999,82982377.7642486,324399,449.20882,38553566.9535946,0
2025-12-16 06:00:00,86028.12,86615.38,85850.0,86021.51,1465.72487,2025-12-16 07:59:59.999,126453121.0552189,284949,641.45397,55324055.0641996,0
2025-12-16 08:00:00,86021.51,86426.07,85930.97,86350.0,793.12856,2025-12-16 09:59:59.999,68394049.8313588,261688,386.50978,33328353.6630956,0
2025-12-16 10:00:00,86350.0,87330.0,86275.06,87261.45,1624.11733,2025-12-16 11:59:59.999,141191319.3065296,425489,846.89994,73615332.6270417,0
2025-12-16 12:00:00,87261.46,87786.88,86410.01,86443.02,3006.31369,2025-12-16 13:59:59.999,262050974.8884981,718520,1276.96165,111392153.5888029,0
2025-12-16 14:00:00,86443.02,88175.98,86107.43,87977.43,3723.81833,2025-12-16 15:59:59.999,324878406.2402195,1405356,2033.09196,177509913.2855413,0
2025-12-16 16:00:00,87977.44,88050.17,87093.79,87131.99,2080.09563,2025-12-16 17:59:59.999,182240512.586139,876077,1053.06651,92291239.8853527,0
2025-12-16 18:00:00,87132.0,88019.88,87061.23,87585.77,1417.66257,2025-12-16 19:59:59.999,124206105.8188819,514823,748.41596,65588579.2007684,0
2025-12-16 20:00:00,87585.76,87906.29,87343.75,87768.59,647.58201,2025-12-16 21:59:59.999,56771828.3965971,283012,336.92606,29544725.0127784,0
2025-12-16 22:00:00,87768.6,87931.48,87602.34,87863.42,457.40687,2025-12-16 23:59:59.999,40152829.8756916,187449,212.35358,18640357.2479695,0
2025-12-17 00:00:00,87863.43,87950.0,87426.06,87552.3,638.05429,2025-12-17 01:59:59.999,55913762.1662443,248727,271.09193,23758689.6322709,0
2025-12-17 02:00:00,87552.3,87615.27,87150.01,87213.59,541.59705,2025-12-17 03:59:59.999,47323985.1121691,234237,195.41722,17076389.2320962,0
2025-12-17 04:00:00,87213.6,87398.54,86209.11,86626.39,1013.08834,2025-12-17 05:59:59.999,87831462.7207372,326555,462.07339,40047219.8398067,0
2025-12-17 06:00:00,86626.4,87169.37,86587.82,87045.59,1081.72261,2025-12-17 07:59:59.999,93987240.1295679,290843,532.5984,46282322.789007,0
2025-12-17 08:00:00,87045.59,87045.59,86262.85,86417.46,790.91605,2025-12-17 09:59:59.999,68441864.6066447,247802,332.07216,28720233.5950294,0
2025-12-17 10:00:00,86417.45,87137.42,86238.91,86983.26,890.31665,2025-12-17 11:59:59.999,77254310.3147924,354164,491.37784,42644182.9900709,0
2025-12-17 12:00:00,86983.26,87860.0,86817.27,87631.37,1604.96118,2025-12-17 13:59:59.999,139957160.0607064,434824,831.74639,72568664.1536887,0
2025-12-17 14:00:00,87631.37,90365.85,87136.97,87233.44,6527.31613,2025-12-17 15:59:59.999,580256682.2771662,1566242,2968.68261,263751396.2376601,0
2025-12-17 16:00:00,87233.44,87769.23,86166.66,86427.12,3026.01476,2025-12-17 17:59:59.999,262601828.6909989,1123709,1523.0238,132242397.3408143,0
2025-12-17 18:00:00,86427.12,86850.64,85314.0,86018.53,2019.6017,2025-12-17 19:59:59.999,173505538.3206216,647332,955.68812,82135759.9810568,0
2025-12-17 20:00:00,86018.53,86252.16,85644.09,85982.88,971.52332,2025-12-17 21:59:59.999,83478238.0342613,386470,371.36124,31916096.9902871,0
2025-12-17 22:00:00,85982.88,86431.14,85888.2,86243.22,729.00521,2025-12-17 23:59:59.999,62796424.2364493,197733,342.14528,29474660.4748557,0
2025-12-18 00:00:00,86243.23,86313.71,85863.93,86119.21,590.12106,2025-12-18 01:59:59.999,50820628.9713036,274131,289.59765,24941124.0888016,0
2025-12-18 02:00:00,86119.27,86863.75,86011.2,86618.34,1125.8799,2025-12-18 03:59:59.999,97403349.1524271,345066,545.61673,47202488.6093785,0
2025-12-18 04:00:00,86618.35,86901.4,86384.61,86440.9,785.09314,2025-12-18 05:59:59.999,68075964.1859522,203522,350.57647,30400121.0369511,0
2025-12-18 06:00:00,86440.9,86863.75,86411.62,86833.84,766.10885,2025-12-18 07:59:59.999,66419583.1677205,196336,373.65801,32396552.5828964,0
2025-12-18 08:00:00,86833.83,87392.43,86685.14,87280.95,1274.20321,2025-12-18 09:59:59.999,110919877.9077174,310529,639.49659,55683993.6457811,0
2025-12-18 10:00:00,87280.95,87453.63,87067.26,87300.74,620.6139,2025-12-18 11:59:59.999,54167988.0082128,208453,294.97422,25747809.257854,0
2025-12-18 12:00:00,87300.5,89203.23,87109.76,88851.7,2960.29143,2025-12-18 13:59:59.999,261141936.7600372,674582,1550.21146,136768531.8595802,0
2025-12-18 14:00:00,88851.7,89477.61,87727.25,88513.44,4354.79641,2025-12-18 15:59:59.999,385568829.5233302,1448235,1895.11442,167832599.5704556,0
2025-12-18 16:00:00,88513.43,88533.61,85481.22,86483.56,3747.10168,2025-12-18 17:59:59.999,325488042.4892449,1314254,1692.68471,147088087.6110194,0
2025-12-18 18:00:00,86483.56,86889.04,84481.31,84483.79,5585.00727,2025-12-18 19:59:59.999,477896886.230816,1029274,3171.82127,271717755.9753789,0
2025-12-18 20:00:00,84483.8,85835.9,84450.01,85630.95,2888.47037,2025-12-18 21:59:59.999,245791672.9069123,708400,1550.41017,131978981.2602923,0
2025-12-18 22:00:00,85630.96,85750.85,85288.01,85516.41,707.73041,2025-12-18 23:59:59.999,60529113.3659723,234165,314.37668,26888809.4716475,0
2025-12-19 00:00:00,85516.41,85604.88,85110.24,85320.43,676.28981,2025-12-19 01:59:59.999,57745776.8243489,344601,293.2302,25040528.5153521,0
2025-12-19 02:00:00,85320.42,87568.99,85135.39,86891.39,2635.3792,2025-12-19 03:59:59.999,227965135.3867145,838272,1420.82102,122890700.1645792,0
2025-12-19 04:00:00,86891.39,87380.0,86647.51,87139.95,1488.82512,2025-12-19 05:59:59.999,129548567.5711222,478842,786.08797,68411260.874476,0
2025-12-19 06:00:00,87139.95,88449.06,86907.8,87953.4,2224.77026,2025-12-19 07:59:59.999,195467497.2099065,517261,1273.76223,111914103.7076842,0
2025-12-19 08:00:00,87953.39,88222.0,87742.6,88105.03,921.9454,2025-12-19 09:59:59.999,81137361.9728501,344773,484.86891,42671776.8891238,0
2025-12-19 10:00:00,88105.03,88385.06,87921.41,88198.7,875.87642,2025-12-19 11:59:59.999,77248759.0718418,294447,466.64654,41161830.4945407,0
2025-12-19 12:00:00,88198.7,88280.06,87825.19,87997.14,1603.88941,2025-12-19 13:59:59.999,141162350.2388523,415146,730.33297,64281495.0433686,0
2025-12-19 14:00:00,87997.13,89399.97,87514.59,87951.87,4384.82893,2025-12-19 15:59:59.999,387088885.6848531,1224021,2058.18937,181836774.2603021,0
2025-12-19 16:00:00,87951.86,88882.55,86873.14,86943.25,2797.03252,2025-12-19 17:59:59.999,245660124.4443232,852798,1353.40656,118957447.438871,0
2025-12-19 18:00:00,86943.26,88125.67,86846.16,87845.92,1787.57794,2025-12-19 19:59:59.999,156372434.7985519,564906,909.45445,79544418.8117177,0
2025-12-19 20:00:00,87845.92,88416.0,87614.79,87839.4,1314.52796,2025-12-19 21:59:59.999,115690292.3402205,398568,796.63988,70115701.1719986,0
2025-12-19 22:00:00,87839.39,88426.85,87839.39,88136.94,545.70707,2025-12-19 23:59:59.999,48149440.3892789,208618,306.70441,27060247.9927276,0
2025-12-20 00:00:00,88136.95,88188.0,87961.6,88075.89,475.37787,2025-12-20 01:59:59.999,41877822.7909108,128980,242.20113,21335522.1679745,0
2025-12-20 02:00:00,88075.89,88339.27,87988.67,88214.98,509.06928,2025-12-20 03:59:59.999,44902652.0700247,95208,341.78931,30147995.2577414,0
2025-12-20 04:00:00,88214.98,88573.07,88123.07,88295.31,504.51655,2025-12-20 05:59:59.999,44569244.0558704,108579,250.98687,22172654.0084655,0
2025-12-20 06:00:00,88295.31,88444.54,88189.67,88275.41,293.35537,2025-12-20 07:59:59.999,25895986.8218882,91028,119.19319,10522195.06968,0
2025-12-20 08:00:00,88275.41,88428.0,88220.61,88224.0,361.29329,2025-12-20 09:59:59.999,31907164.5369878,97077,143.46597,12671073.1075941,0
2025-12-20 10:00:00,88224.0,88313.2,88107.35,88277.66,460.42974,2025-12-20 11:59:59.999,40612848.5035359,89185,186.95698,16490766.8275019,0
2025-12-20 12:00:00,88277.66,88343.73,87795.76,88270.39,632.30476,2025-12-20 13:59:59.999,55717863.1324609,155568,261.47081,23043790.8130789,0
2025-12-20 14:00:00,88270.39,88287.84,88012.0,88178.71,683.37061,2025-12-20 15:59:59.999,60237590.1434945,115764,298.34534,26297708.1454683,0
2025-12-20 16:00:00,88178.72,88258.22,88103.54,88181.8,286.51783,2025-12-20 17:59:59.999,25267813.9375391,80700,138.79543,12240484.8485006,0
2025-12-20 18:00:00,88181.8,88418.73,88151.97,88232.92,287.58708,2025-12-20 19:59:59.999,25378249.8167072,66054,137.01649,12092667.8369397,0
2025-12-20 20:00:00,88232.92,88443.44,88184.96,88208.73,298.17091,2025-12-20 21:59:59.999,26319653.5552316,64078,172.42177,15219686.0551762,0
2025-12-20 22:00:00,88208.74,88423.31,88154.06,88360.9,331.13865,2025-12-20 23:59:59.999,29232133.3631084,82205,163.72734,14453101.1910794,0
2025-12-21 00:00:00,88360.91,88433.64,88011.83,88011.83,414.40327,2025-12-21 01:59:59.999,36557367.6360282,68903,196.4167,17328330.7957068,0
2025-12-21 02:00:00,88011.84,88150.0,87869.35,88070.64,577.0136,2025-12-21 03:59:59.999,50780361.344614,135211,336.98317,29656269.7881415,0
2025-12-21 04:00:00,88070.64,88150.01,88050.0,88138.95,248.07284,2025-12-21 05:59:59.999,21853882.3031678,67112,113.91919,10036274.3493072,0
2025-12-21 06:00:00,88138.95,88201.59,88054.61,88174.79,207.50035,2025-12-21 07:59:59.999,18287050.2710075,51466,100.76214,8880634.8586388,0
2025-12-21 08:00:00,88174.79,89081.77,88141.87,88892.82,962.62303,2025-12-21 09:59:59.999,85333017.7939899,277694,558.1885,49483692.0609299,0
2025-12-21 10:00:00,88892.82,88979.94,88580.52,88601.57,477.19302,2025-12-21 11:59:59.999,42345787.288476,157947,205.22874,18214991.5785767,0
2025-12-21 12:00:00,88601.57,88920.01,87600.04,87670.1,1303.16305,2025-12-21 13:59:59.999,114910005.3908868,411952,530.54626,46809446.9881052,0
2025-12-21 14:00:00,87670.1,88272.34,87615.07,88067.95,903.34576,2025-12-21 15:59:59.999,79460737.0522156,267882,366.5217,32240932.6483601,0
2025-12-21 16:00:00,88067.96,88494.97,87985.11,88324.14,726.71102,2025-12-21 17:59:59.999,64155214.8139806,150284,378.02516,33373911.7660649,0
2025-12-21 18:00:00,88324.14,88600.0,87950.0,88484.01,513.75669,2025-12-21 19:59:59.999,45367359.5011952,155129,244.63694,21604151.9536122,0
2025-12-21 20:00:00,88484.01,88500.0,88091.96,88162.86,279.35877,2025-12-21 21:59:59.999,24659555.4379655,88133,128.74328,11366855.0530767,0
2025-12-21 22:00:00,88162.86,88823.52,88120.99,88658.86,519.73118,2025-12-21 23:59:59.999,46010632.953138,198953,290.42219,25716569.9575045,0
2025-12-22 00:00:00,88658.87,89627.24,88516.0,88626.31,1703.66423,2025-12-22 01:59:59.999,151681171.0799866,558748,916.7316,81631504.2495128,0
2025-12-22 02:00:00,88626.31,88850.0,87900.0,88774.12,916.31569,2025-12-22 03:59:59.999,80988796.8222053,385892,430.48616,38053729.3488091,0
2025-12-22 04:00:00,88774.13,89034.44,88712.11,88831.34,576.97084,2025-12-22 05:59:59.999,51299314.2082239,215437,267.46625,23780962.0448805,0
2025-12-22 06:00:00,88831.34,89200.0,88730.07,89170.1,713.73258,2025-12-22 07:59:59.999,63543022.5378063,194699,337.62464,30060314.5986882,0
2025-12-22 08:00:00,89170.1,89908.71,89093.44,89829.6,1363.33478,2025-12-22 09:59:59.999,122122334.2080832,355439,656.72512,58818382.9209532,0
2025-12-22 10:00:00,89829.6,90118.0,89615.38,89945.43,1259.56721,2025-12-22 11:59:59.999,113194471.6687222,261592,607.46426,54597432.9284046,0
2025-12-22 12:00:00,89945.43,90588.23,89731.72,89912.37,1696.17397,2025-12-22 13:59:59.999,152888021.2614669,421761,904.23599,81529780.7164687,0
2025-12-22 14:00:00,89912.38,90454.74,89196.42,89726.92,2246.54818,2025-12-22 15:59:59.999,201654157.4077936,962785,1056.03966,94831998.9402717,0
2025-12-22 16:00:00,89726.93,90127.0,89092.09,89308.92,1242.81801,2025-12-22 17:59:59.999,111305714.2344529,498926,565.69258,50671105.3935779,0
2025-12-22 18:00:00,89308.91,89523.23,87965.76,88052.43,1366.73129,2025-12-22 19:59:59.999,121292294.3069629,435892,630.49533,55974891.7370377,0
2025-12-22 20:00:00,88052.42,88619.13,87911.79,88275.06,949.48573,2025-12-22 21:59:59.999,83819816.9517473,347943,556.30144,49110333.7185687,0
2025-12-22 22:00:00,88275.05,88833.33,88150.0,88620.79,637.87719,2025-12-22 23:59:59.999,56446517.0604748,208633,340.35132,30126355.1743691,0
2025-12-23 00:00:00,88620.79,88940.0,88430.0,88513.71,512.02972,2025-12-23 01:59:59.999,45401733.8964003,223408,263.74353,23387728.704566,0
2025-12-23 02:00:00,88513.72,88755.24,87800.0,88170.0,993.67511,2025-12-23 03:59:59.999,87716902.6148628,323913,483.83029,42726486.5701826,0
2025-12-23 04:00:00,88170.0,88368.1,87614.79,87765.01,791.89511,2025-12-23 05:59:59.999,69649820.7756257,247929,332.7201,29274018.2187943,0
2025-12-23 06:00:00,87765.01,87780.0,87051.52,87574.79,1204.53551,2025-12-23 07:59:59.999,105314073.8157091,386303,597.84495,52277121.2184546,0
2025-12-23 08:00:00,87574.78,87699.99,87297.69,87531.85,777.30829,2025-12-23 09:59:59.999,68042741.3660354,220247,320.21403,28030131.3018351,0
2025-12-23 10:00:00,87531.85,87890.0,87510.6,87856.65,655.07024,2025-12-23 11:59:59.999,57454258.1553028,176322,391.27061,34323230.9787206,0
2025-12-23 12:00:00,87856.66,87963.03,87426.7,87616.67,961.45445,2025-12-23 13:59:59.999,84341535.9250403,335619,443.60585,38919339.311524,0
2025-12-23 14:00:00,87616.66,87829.2,86601.9,87443.45,2446.53867,2025-12-23 15:59:59.999,213351639.9524338,800669,974.4103,85005442.7951903,0
2025-12-23 16:00:00,87443.45,88275.4,87180.0,87180.01,1919.37682,2025-12-23 17:59:59.999,168613965.1689233,618055,898.95882,78992605.5195195,0
2025-12-23 18:00:00,87180.0,88177.98,87162.39,87752.87,1301.45297,2025-12-23 19:59:59.999,114284595.670911,408363,644.47581,56599357.9857794,0
2025-12-23 20:00:00,87752.88,88372.35,87524.58,87722.89,1214.16223,2025-12-23 21:59:59.999,106665345.6201529,404164,560.15377,49219404.2955536,0
2025-12-23 22:00:00,87722.9,87779.25,87180.0,87486.0,1132.82992,2025-12-23 23:59:59.999,99062994.3063574,320088,470.53941,41150328.9870104,0
2025-12-24 00:00:00,87486.0,87839.66,87264.0,87632.51,707.8317,2025-12-24 01:59:59.999,61986502.150357,239174,400.19618,35047469.8699382,0
2025-12-24 02:00:00,87632.51,87658.07,86863.88,87336.23,891.05716,2025-12-24 03:59:59.999,77737134.1228785,280832,394.84471,34451086.333316,0
2025-12-24 04:00:00,87336.23,87458.54,86796.65,86957.9,633.44099,2025-12-24 05:59:59.999,55201796.3743632,199130,335.54624,29253288.0346467,0
2025-12-24 06:00:00,86957.89,87184.57,86802.03,86911.53,716.19643,2025-12-24 07:59:59.999,62313838.5359334,164628,401.01894,34895537.9627516,0
2025-12-24 08:00:00,86911.53,87077.67,86724.05,86812.8,545.72879,2025-12-24 09:59:59.999,47410291.3172684,162709,264.09143,22945959.9353655,0
2025-12-24 10:00:00,86812.8,87359.59,86812.79,87203.94,642.64126,2025-12-24 11:59:59.999,56019665.0367354,163167,383.24473,33404390.2886367,0
2025-12-24 12:00:00,87203.94,87478.59,87038.44,87286.9,711.80123,2025-12-24 13:59:59.999,62116911.773855,173936,297.16917,25933775.7762013,0
2025-12-24 14:00:00,87286.9,87448.49,86420.0,87049.99,1588.72774,2025-12-24 15:59:59.999,138110923.9424351,644132,760.40786,66117734.88406,0
2025-12-24 16:00:00,87050.0,87670.0,86917.25,87322.77,1271.62951,2025-12-24 17:59:59.999,111054627.0294189,459495,641.82431,56039289.0455992,0
2025-12-24 18:00:00,87322.77,87578.81,87233.93,87566.06,474.81977,2025-12-24 19:59:59.999,41516255.5822957,151682,199.81217,17468808.4081573,0
2025-12-24 20:00:00,87566.07,87795.65,87516.77,87696.33,370.99026,2025-12-24 21:59:59.999,32519226.6812757,86738,174.74604,15318133.6177918,0
2025-12-24 22:00:00,87696.34,88049.89,87599.14,87669.45,585.97836,2025-12-24 23:59:59.999,51473353.9270299,151616,290.37153,25510216.2481383,0
2025-12-25 00:00:00,87669.44,87749.0,87508.52,87699.99,300.64531,2025-12-25 01:59:59.999,26351115.7180827,130902,136.35826,11950869.5308606,0
2025-12-25 02:00:00,87700.0,87967.5,87563.87,87840.42,352.21694,2025-12-25 03:59:59.999,30930859.7509784,101704,182.86774,16060127.9752396,0
2025-12-25 04:00:00,87840.42,87843.38,87661.17,87750.55,304.57466,2025-12-25 05:59:59.999,26727086.0488647,87791,130.5539,11456752.0094129,0
2025-12-25 06:00:00,87750.56,87862.2,87692.67,87837.59,264.10957,2025-12-25 07:59:59.999,23184748.6909719,75939,137.58845,12077694.2788699,0
2025-12-25 08:00:00,87837.59,87888.0,87351.96,87526.48,779.66333,2025-12-25 09:59:59.999,68244964.0476974,172411,446.06037,39039209.4270654,0
2025-12-25 10:00:00,87526.47,87591.32,87251.6,87519.44,424.08883,2025-12-25 11:59:59.999,37079239.1485345,136899,192.24903,16809341.3909381,0
2025-12-25 12:00:00,87519.45,87683.87,87398.78,87638.25,513.10656,2025-12-25 13:59:59.999,44920323.893003,141999,236.25107,20683528.9694154,0
2025-12-25 14:00:00,87638.25,88592.74,87550.0,88371.27,1420.36596,2025-12-25 15:59:59.999,125128746.473487,316519,701.54209,61797808.9887513,0
2025-12-25 16:00:00,88371.27,88478.0,87993.21,88139.08,737.74782,2025-12-25 17:59:59.999,65091823.5141368,223718,243.94066,21515633.6017428,0
2025-12-25 18:00:00,88139.07,88314.37,88075.99,88151.18,301.79874,2025-12-25 19:59:59.999,26623629.4931639,94871,119.22292,10516765.7829807,0
2025-12-25 20:00:00,88151.19,88167.65,87650.0,87901.21,432.51716,2025-12-25 21:59:59.999,38011816.1004052,136913,198.72053,17464352.0485619,0
2025-12-25 22:00:00,87901.22,87915.1,86934.72,87225.27,1265.74747,2025-12-25 23:59:59.999,110676100.7704392,372506,665.60206,58219044.7194655,0
2025-12-26 00:00:00,87225.27,87500.0,86891.7,87432.26,805.97587,2025-12-26 01:59:59.999,70262182.4801687,272220,424.8938,37043728.0899134,0
2025-12-26 02:00:00,87432.26,89440.0,87416.04,88844.87,4158.64991,2025-12-26 03:59:59.999,369873932.5564013,883940,2469.00297,219622072.1696318,0
2025-12-26 04:00:00,88844.88,89153.17,88516.73,88996.58,842.46208,2025-12-26 05:59:59.999,74867261.4335923,233764,431.03968,38318692.3731474,0
2025-12-26 06:00:00,88996.58,89567.75,88347.45,88470.75,2312.014,2025-12-26 07:59:59.999,205735044.4064089,327267,1095.54938,97530232.5108243,0
2025-12-26 08:00:00,88470.75,88918.59,88414.81,88811.76,813.20894,2025-12-26 09:59:59.999,72148428.7416317,275892,394.30794,34985975.5122713,0
2025-12-26 10:00:00,88811.77,88882.01,88532.0,88533.42,437.11655,2025-12-26 11:59:59.999,38778860.7732276,178425,172.48602,15304017.2453947,0
2025-12-26 12:00:00,88533.43,89050.0,88533.42,88992.88,699.17976,2025-12-26 13:59:59.999,62084165.8668053,187862,312.30107,27738793.3786931,0
2025-12-26 14:00:00,88992.88,89049.88,86655.08,87137.81,5233.19458,2025-12-26 15:59:59.999,457204641.8726784,1125529,2074.78366,181310746.1824554,0
2025-12-26 16:00:00,87137.81,87463.77,86818.18,87331.91,1171.77617,2025-12-26 17:59:59.999,102147821.8128436,500077,579.10763,50492447.0345654,0
2025-12-26 18:00:00,87331.91,87580.29,87117.11,87501.83,768.98734,2025-12-26 19:59:59.999,67164492.2759484,224886,410.55933,35862051.9592521,0
2025-12-26 20:00:00,87501.83,87792.7,87399.71,87470.59,584.69261,2025-12-26 21:59:59.999,51212400.4403862,171026,264.72075,23186868.9954555,0
2025-12-26 22:00:00,87470.59,87592.67,87321.4,87369.56,517.35724,2025-12-26 23:59:59.999,45242882.9765536,128594,218.0539,19069252.273302,0
2025-12-27 00:00:00,87369.56,87414.26,87253.05,87406.11,263.52308,2025-12-27 01:59:59.999,23020422.2818556,64245,109.89427,9599929.2152552,0
